{
  "project_info": {
    "project_number": "434194327473",
    "firebase_url": "https://asdf-5902d.firebaseio.com",
    "project_id": "asdf-5902d",
    "storage_bucket": "asdf-5902d.appspot.com"
  },
  "client": [
    {
      "client_info": {
        "mobilesdk_app_id": "1:434194327473:android:378adb4c3bf724e21a7f90",
        "android_client_info": {
          "package_name": "com.example.spinner"
        }
      },
      "oauth_client": [
        {
          "client_id": "434194327473-hrql38keninve1434e792jpio1i6a27q.apps.googleusercontent.com",
          "client_type": 3
        }
      ],
      "api_key": [
        {
          "current_key": "AIzaSyAHxZSqV0CJIzPHNquS7Ks2I3AQx3tlNiY"
        }
      ],
      "services": {
        "appinvite_service": {
          "other_platform_oauth_client": [
            {
              "client_id": "434194327473-hrql38keninve1434e792jpio1i6a27q.apps.googleusercontent.com",
              "client_type": 3
            }
          ]
        }
      }
    }
  ],
  "configuration_version": "1"
}